{"cameraMode":{"drawMode":0,"name":"Shaded","section":"Shading Mode"},"sceneLighting":true,"audioPlay":false,"sceneViewState":{"m_AlwaysRefresh":false,"showFog":true,"showSkybox":true,"showFlares":true,"showImageEffects":true,"showParticleSystems":true,"showVisualEffectGraphs":true,"m_FxEnabled":true},"in2DMode":false,"pivot":{"x":-0.2478933334350586,"y":3.2988741397857668,"z":-2.5799851417541506},"rotation":{"x":0.3011842370033264,"y":-0.11832047998905182,"z":0.03769281506538391,"w":0.9454494118690491},"size":57.24177169799805,"orthographic":true}