{"cameraMode":{"drawMode":0,"name":"Shaded","section":"Shading Mode"},"sceneLighting":true,"audioPlay":false,"sceneViewState":{"m_AlwaysRefresh":false,"showFog":true,"showSkybox":true,"showFlares":true,"showImageEffects":true,"showParticleSystems":true,"showVisualEffectGraphs":true,"m_FxEnabled":true},"in2DMode":false,"pivot":{"x":5.925289154052734,"y":-7.276289463043213,"z":-9.300601959228516},"rotation":{"x":0.04791545495390892,"y":0.05241548269987106,"z":-0.0025178829673677685,"w":0.9974722266197205},"size":31.305450439453126,"orthographic":false}