{"cameraMode":{"drawMode":0,"name":"Shaded","section":"Shading Mode"},"sceneLighting":true,"audioPlay":false,"sceneViewState":{"m_AlwaysRefresh":false,"showFog":true,"showSkybox":true,"showFlares":true,"showImageEffects":true,"showParticleSystems":true,"showVisualEffectGraphs":true,"m_FxEnabled":true},"in2DMode":false,"pivot":{"x":-23.34203338623047,"y":16.391986846923829,"z":-6.518848419189453},"rotation":{"x":0.047298457473516467,"y":0.25194472074508669,"z":-0.012327978387475014,"w":0.966510534286499},"size":18.75247573852539,"orthographic":true}