{"cameraMode":{"drawMode":0,"name":"Shaded","section":"Shading Mode"},"sceneLighting":true,"audioPlay":false,"sceneViewState":{"m_AlwaysRefresh":false,"showFog":true,"showSkybox":true,"showFlares":true,"showImageEffects":true,"showParticleSystems":true,"showVisualEffectGraphs":true,"m_FxEnabled":true},"in2DMode":false,"pivot":{"x":-4.748766899108887,"y":12.392923355102539,"z":109.87008666992188},"rotation":{"x":0.017998937517404558,"y":0.0029996102675795557,"z":-0.000053976309573045,"w":0.9998338222503662},"size":88.15857696533203,"orthographic":false}