{"cameraMode":{"drawMode":0,"name":"Shaded","section":"Shading Mode"},"sceneLighting":true,"audioPlay":false,"sceneViewState":{"m_AlwaysRefresh":false,"showFog":true,"showSkybox":true,"showFlares":true,"showImageEffects":true,"showParticleSystems":true,"showVisualEffectGraphs":true,"m_FxEnabled":true},"in2DMode":false,"pivot":{"x":-3.7424097061157228,"y":35.3355827331543,"z":-6.415786266326904},"rotation":{"x":0.2615799307823181,"y":0.040523141622543338,"z":-0.010992856696248055,"w":0.9642687439918518},"size":57.683990478515628,"orthographic":true}