{"cameraMode":{"drawMode":0,"name":"Shaded","section":"Shading Mode"},"sceneLighting":true,"audioPlay":false,"sceneViewState":{"m_AlwaysRefresh":false,"showFog":true,"showSkybox":true,"showFlares":true,"showImageEffects":true,"showParticleSystems":true,"showVisualEffectGraphs":true,"m_FxEnabled":true},"in2DMode":false,"pivot":{"x":-0.2478933334350586,"y":3.2988741397857668,"z":-2.5799851417541506},"rotation":{"x":0.30622342228889468,"y":0.031407568603754047,"z":-0.010108954273164273,"w":0.9513903260231018},"size":57.24177169799805,"orthographic":true}