{"cameraMode":{"drawMode":0,"name":"Shaded","section":"Shading Mode"},"sceneLighting":true,"audioPlay":false,"sceneViewState":{"m_AlwaysRefresh":false,"showFog":true,"showSkybox":true,"showFlares":true,"showImageEffects":true,"showParticleSystems":true,"showVisualEffectGraphs":true,"m_FxEnabled":true},"in2DMode":false,"pivot":{"x":-40.59593200683594,"y":24.646556854248048,"z":-10.045875549316407},"rotation":{"x":0.23422709107398988,"y":0.32619911432266238,"z":-0.08377764374017716,"w":0.9119859933853149},"size":61.182777404785159,"orthographic":true}